qtable_1_20180802_032303.csv,4
qtable_1_20180802_032429.csv,8
qtable_1_20180802_032434.csv,7
qtable_1_20180802_032556.csv,2
qtable_1_20180802_032558.csv,6
qtable_1_20180802_032600.csv,1
qtable_1_20180802_032605.csv,1
qtable_1_20180802_032610.csv,1
qtable_1_20180802_032616.csv,8
qtable_1_20180813_132008.csv,6
qtable_1_20180813_132010.csv,1
qtable_1_20180813_132013.csv,8
qtable_1_20180813_132014.csv,1
qtable_1_20180813_132018.csv,8
qtable_1_20180813_132020.csv,2
qtable_1_20180813_132022.csv,3
qtable_1_20180813_132026.csv,1
qtable_1_20180827_211023.csv,3
qtable_1_20180827_211026.csv,3
qtable_1_20180827_211029.csv,5
qtable_1_20180827_211030.csv,8
qtable_1_20180827_211031.csv,1
qtable_1_20180827_211032.csv,7
qtable_1_20180827_211033.csv,8
qtable_1_20180827_211035.csv,1
qtable_1_20180827_211038.csv,8
qtable_1_20180827_211241.csv,1
qtable_1_20180827_211246.csv,3
qtable_1_20180827_211249.csv,2
qtable_1_20180827_211251.csv,8
qtable_1_20180827_211252.csv,1
qtable_1_20180827_211254.csv,1
qtable_1_20180827_211256.csv,8
